{
    
    "express": {
        "view cache": false,
        "view engine": "html", 
        "views": "path:./public/templates"
    },

    "view engines": {
        "html": {
            "module": "consolidate",
            "renderer": "nunjucks"
        }
        /*
        ,"dust": {
            "module": "makara",
            "renderer": {
                "method": "dust",
                "arguments": [
                    {
                        "cache": false,
                        "helpers": "config:dust.helpers",
                        "whitespace": true
                    }
                ]
            }
        }
        */
    },
    
    "static": {
        "module": {
            "arguments": [ "path:./.build" ]
        }
    },

    "router": {
        "module": {
            "arguments": [{ "directory": "path:./controllers" }]
        }
    },


    "middleware": {

        "devtools": {
            "enabled": true,
            "priority": 35,
            "module": {
                "name": "construx",
                "arguments": [
                    "path:./public",
                    "path:./.build",
                    {
                        
                        "template": {
                            "module": "construx-dustjs",
                            "files": "/templates/**/*.js",
                            "base": "templates"
                        },
                        
                        
                        "css": {
                            "module": "construx-less",
                            "files": "/css/**/*.css"
                        },
                        
                        "copier": {
                            "module": "construx-copier",
                            "files": "**/*"
                        }
                    }
                ]
            }
        }
    }
}
